--INSERT INTO AREA_TRABAJO([NOMBRE_AREA],[GERENCIA_AREA],[DESCRIPCION_AREA],[ESTADO_AREA]) VALUES('Nunc Sed Associates','Ut Odio Vel Limited','Lorem ipsum dolor','INACTIVO'),('Tincidunt Tempus Risus Company','Suspendisse Tristique PC','Lorem ipsum dolor sit amet, consectetuer adipiscing elit. Curabitur sed','INACTIVO'),('Vitae Aliquet Corp.','Magna Foundation','Lorem ipsum','ACTIVO'),('Sed Pede Cum Corp.','Eu Foundation','Lorem ipsum dolor sit amet, consectetuer adipiscing','ACTIVO'),('Dignissim Pharetra Nam Industries','Tempor Est Ac Ltd','Lorem ipsum dolor sit amet, consectetuer adipiscing elit. Curabitur sed','INACTIVO'),('Semper Egestas Corp.','Egestas A Dui Ltd','Lorem ipsum dolor sit amet, consectetuer','INACTIVO'),('Feugiat Institute','Magna PC','Lorem','ACTIVO'),('Vel Consulting','Fusce Mi Lorem Company','Lorem ipsum dolor sit amet,','ACTIVO'),('Egestas Institute','Dignissim Pharetra Corporation','Lorem ipsum dolor sit','INACTIVO'),('Convallis LLP','Condimentum Donec LLC','Lorem ipsum','ACTIVO');
--INSERT INTO PERSONA([CEDULA_EMP],[NOMBRES_EMP],[NACIFECHA_EMP],[NACIONALIDAD_EMP],[DIRECCIO_EMP],[TELEFONO_EMP],[EMAIL_EMP],[ESTADO_EMP],[TIPO_EMP],[CIUDADNACI_EMP]) VALUES(1004144550,'Tallulah V. Warren','31/12/1969','Philippines','P.O. Box 675, 6709 Quis St.','0968874151','Vivamus@urnajustofaucibus.net','CASADO','AB-','Forchies-la-Marche'),(1004144551,'Pandora E. Garza','31/12/1969','Heard Island and Mcdonald Islands','Ap #375-6201 Porttitor St.','0900601462','In.mi@feugiatnecdiam.edu','UNION LIBRE','AB-','Maltignano'),(1004144552,'Remedios C. Flowers','31/12/1969','Tokelau','Ap #621-9194 Nostra, Avenue','0927747614','augue.eu.tempor@metusAliquam.co.uk','SOLTERO','AB-','Genappe'),(1004144553,'Sydnee X. Stevenson','31/12/1969','Niue','6349 At Road','0916200242','euismod.mauris.eu@dapibus.ca','DIVORCIADO','A+','Raurkela'),(1004144554,'Merrill J. Meadows','31/12/1969','Denmark','Ap #712-2620 Malesuada Rd.','0974790360','et.euismod@loremvehicula.ca','VIUDO','A-','Wodonga'),(1004144555,'Quemby D. Dale','31/12/1969','Zambia','637 Fusce St.','0938849556','eu.odio@semelit.edu','VIUDO','AB+','Curridabat'),(1004144556,'Adrienne H. Suarez','31/12/1969','Venezuela','476-1548 Tincidunt Av.','0978009615','ullamcorper@pedeNuncsed.edu','VIUDO','O-','Doñihue'),(1004144557,'Jorden C. Clemons','31/12/1969','Bangladesh','P.O. Box 221, 6977 Est, St.','0989894638','Quisque@nec.com','DIVORCIADO','A-','Whakatane'),(1004144558,'Dominic V. Medina','31/12/1969','Myanmar','956-9532 Mauris Av.','0984101095','volutpat.ornare.facilisis@sit.edu','CASADO','B-','Saint-Médard-en-Jalles'),(1004144559,'Zelda I. Neal','31/12/1969','Libya','4508 Facilisis Rd.','0921609532','felis.eget@et.net','CASADO','AB-','Chandrapur');
--INSERT INTO EMPLEADO([CEDULA_EMP],[ID_AREA],[CARGO_US],[PASWORD_US],[ACTIVO_EMP]) VALUES(1004144550,4,'VENDEDOR','Suspendisse','INACTIVO'),(1004144551,9,'ADMINISTRADOR','Duis','INACTIVO'),(1004144552,4,'BODEGERO','Fusce','ACTIVO'),(1004144553,6,'VENDEDOR','consequat','INACTIVO'),(1004144554,2,'BODEGERO','nunc','INACTIVO'),(1004144555,5,'CAJERO','Curae;','INACTIVO'),(1004144556,2,'MEDICO','sollicitudin','ACTIVO'),(1004144557,4,'BODEGERO','molestie','INACTIVO'),(1004144558,9,'CAJERO','dui,','ACTIVO'),(1004144559,7,'MEDICO','metus','INACTIVO');
--INSERT INTO CABECERA_CONSULTA([CEDULA_EMP],[INDICACIONES_CON],[MOTIVO_CON],[PRESION_CON],[FECHA_CON],[PESO_CON],[TEMPERATURA_CON],[SINTOMAS_CON]) VALUES(1004144550,'Lorem ipsum dolor sit amet, consectetuer adipiscing elit. Curabitur sed','Lorem ipsum dolor sit amet, consectetuer adipiscing elit. Curabitur sed tortor. Integer aliquam',52,'14/10/2007',46,37,'Lorem ipsum dolor sit'),(1004144551,'Lorem ipsum dolor sit amet,','Lorem ipsum',88,'14/09/2015',68,39,'Lorem ipsum dolor sit amet, consectetuer adipiscing elit. Curabitur sed tortor. Integer aliquam adipiscing lacus. Ut nec urna et arcu imperdiet ullamcorper. Duis at'),(1004144552,'Lorem ipsum dolor sit amet, consectetuer adipiscing elit. Curabitur sed tortor. Integer aliquam adipiscing lacus. Ut nec urna et','Lorem ipsum dolor sit amet, consectetuer adipiscing elit. Curabitur sed tortor.',89,'14/12/2007',81,38,'Lorem ipsum dolor sit amet, consectetuer adipiscing elit. Curabitur sed tortor. Integer aliquam adipiscing lacus. Ut nec urna et arcu imperdiet'),(1004144553,'Lorem ipsum dolor sit','Lorem ipsum dolor sit amet, consectetuer adipiscing elit. Curabitur sed tortor. Integer aliquam adipiscing lacus. Ut nec urna et',72,'31/10/2008',84,39,'Lorem ipsum dolor sit amet, consectetuer adipiscing elit. Curabitur sed tortor. Integer aliquam adipiscing lacus. Ut nec urna et arcu imperdiet ullamcorper. Duis at lacus. Quisque purus sapien,'),(1004144554,'Lorem ipsum dolor sit amet, consectetuer adipiscing elit. Curabitur sed tortor.','Lorem ipsum dolor sit amet, consectetuer adipiscing',83,'05/07/2006',96,36,'Lorem ipsum dolor sit'),(1004144555,'Lorem ipsum dolor sit amet, consectetuer adipiscing elit. Curabitur sed tortor. Integer aliquam adipiscing lacus. Ut nec urna et arcu','Lorem ipsum dolor sit amet, consectetuer adipiscing elit. Curabitur sed tortor. Integer aliquam adipiscing lacus.',156,'11/02/2008',71,36,'Lorem ipsum dolor sit amet, consectetuer adipiscing elit. Curabitur sed tortor. Integer aliquam adipiscing lacus. Ut nec urna'),(1004144556,'Lorem ipsum dolor sit amet, consectetuer adipiscing elit. Curabitur sed tortor. Integer aliquam adipiscing','Lorem ipsum dolor sit amet, consectetuer adipiscing elit. Curabitur sed tortor. Integer aliquam adipiscing lacus. Ut nec',80,'30/04/2015',101,37,'Lorem ipsum dolor sit amet, consectetuer adipiscing elit. Curabitur sed tortor. Integer aliquam adipiscing lacus. Ut nec urna et arcu imperdiet ullamcorper. Duis at lacus. Quisque'),(1004144557,'Lorem ipsum dolor sit amet, consectetuer adipiscing elit. Curabitur sed tortor. Integer','Lorem ipsum dolor sit amet, consectetuer adipiscing elit. Curabitur sed tortor. Integer aliquam',137,'05/07/2007',104,39,'Lorem ipsum dolor sit amet, consectetuer adipiscing elit. Curabitur sed tortor. Integer aliquam adipiscing lacus. Ut'),(1004144558,'Lorem ipsum dolor','Lorem ipsum dolor sit amet, consectetuer',142,'06/12/2017',79,40,'Lorem ipsum dolor sit amet, consectetuer adipiscing elit. Curabitur sed tortor. Integer aliquam adipiscing lacus. Ut nec urna et arcu imperdiet ullamcorper.'),(1004144559,'Lorem ipsum','Lorem ipsum dolor',81,'29/01/2013',98,38,'Lorem ipsum dolor sit amet, consectetuer adipiscing elit. Curabitur sed tortor. Integer aliquam adipiscing lacus. Ut nec urna et arcu imperdiet');
--INSERT INTO DETALLE_CONSULTA([ID_DET],[ID_CON],[CANTIDAD_DET],[PVP_DET],[CANTDES_DET]) VALUES('N7A 4T7',11,14,5,14),('O1W 3X1',12,13,6,7),('K4S 7P0',13,9,13,4),('K2K 8S8',14,14,12,14),('R6K 5I9',15,13,6,4),('T0N 1N5',16,5,7,15),('O5C 0I3',17,9,5,9),('I2H 8E2',18,3,4,11),('Y7V 2H3',19,13,8,10),('A4W 2O8',20,13,14,7);
--INSERT INTO HISTORIAS([CEDULA_EMP],[PADRE_H],[MADRE_H],[FALLECIDO_P_H],[FALLECIDO_M_H],[CAUSAS_P_H],[CAUSAS_M_H],[NUM_H_H],[VIVO_H_H],[MUERTE_H_H],[CAUSAS_H_H],[SON_H],[VIVO_SON_H],[MUERTOS_SON_H],[CAUSAS_SON_H],[ALCOHOL_H],[TABACO_H],[DROGAS_H],[FRECUENCIA_TAB_H],[FRECUENCIA_ALC_H],[FRECUENCIA_DRO_H],[ALIMENTACION_H],[DIPSIA_H],[PARADIPSIA],[FRECUENCIA_PARADIPSIA],[INSOMNIO_H],[FRECUENCIA_INSOM_H],[OTRO_H]) VALUES(1004144550,'Dalton Bowen','TaShya White','SI','NO','Lorem ipsum dolor sit amet, consectetuer adipiscing elit. Curabitur','Lorem ipsum',9,1,1,'Lorem ipsum dolor sit amet, consectetuer adipiscing',5,8,6,'Lorem ipsum dolor sit amet, consectetuer adipiscing elit. Curabitur','SI','SI','SI','Lorem ipsum dolor sit amet, consectetuer adipiscing elit. Curabitur sed','Lorem ipsum dolor sit amet,','Lorem','Lorem ipsum dolor','NO','SI','Lorem ipsum dolor sit','NO','Lorem ipsum dolor sit amet, consectetuer adipiscing','Lorem ipsum dolor'),(1004144551,'Paul Kaufman','Angelica Dodson','SI','SI','Lorem ipsum dolor sit amet, consectetuer adipiscing elit. Curabitur sed','Lorem ipsum dolor sit amet, consectetuer adipiscing elit.',4,3,10,'Lorem ipsum dolor sit amet,',8,4,9,'Lorem ipsum dolor sit amet,','SI','NO','NO','Lorem ipsum','Lorem ipsum dolor sit amet, consectetuer adipiscing elit.','Lorem ipsum dolor sit amet, consectetuer adipiscing elit. Curabitur sed','Lorem ipsum dolor sit amet, consectetuer adipiscing elit. Curabitur sed','SI','SI','Lorem ipsum dolor sit','SI','Lorem ipsum dolor sit amet, consectetuer adipiscing elit.','Lorem ipsum dolor sit amet, consectetuer adipiscing elit. Curabitur sed'),(1004144552,'Joshua Lancaster','Shelley Schmidt','NO','SI','Lorem ipsum','Lorem ipsum dolor sit amet, consectetuer adipiscing elit.',2,9,7,'Lorem ipsum dolor sit amet, consectetuer adipiscing elit. Curabitur',9,8,3,'Lorem ipsum dolor sit amet, consectetuer','NO','NO','SI','Lorem ipsum dolor sit','Lorem ipsum dolor sit','Lorem ipsum dolor sit amet, consectetuer adipiscing elit.','Lorem','NO','NO','Lorem ipsum dolor sit','NO','Lorem ipsum dolor sit','Lorem ipsum'),(1004144553,'Jakeem Mercer','Beverly Harvey','SI','SI','Lorem ipsum dolor','Lorem ipsum dolor sit amet, consectetuer adipiscing elit. Curabitur sed',2,2,1,'Lorem ipsum dolor sit amet, consectetuer adipiscing elit.',8,3,1,'Lorem ipsum dolor sit','NO','SI','NO','Lorem ipsum dolor sit','Lorem ipsum dolor sit','Lorem ipsum dolor sit amet, consectetuer adipiscing','Lorem ipsum dolor','SI','SI','Lorem','NO','Lorem ipsum dolor sit amet, consectetuer adipiscing elit. Curabitur','Lorem'),(1004144554,'Addison Avery','Eleanor Mccarthy','NO','NO','Lorem ipsum dolor sit amet, consectetuer adipiscing','Lorem',9,5,5,'Lorem ipsum dolor sit amet, consectetuer adipiscing elit.',4,7,3,'Lorem ipsum dolor sit amet, consectetuer adipiscing elit.','SI','SI','NO','Lorem ipsum dolor sit amet,','Lorem ipsum dolor sit','Lorem ipsum dolor sit amet, consectetuer adipiscing','Lorem ipsum dolor sit amet, consectetuer adipiscing elit. Curabitur sed','SI','NO','Lorem ipsum dolor sit amet, consectetuer','SI','Lorem ipsum dolor sit','Lorem ipsum dolor sit amet, consectetuer adipiscing elit. Curabitur sed'),(1004144555,'Xanthus Justice','Melodie Crosby','NO','NO','Lorem ipsum dolor sit amet, consectetuer','Lorem ipsum dolor sit amet, consectetuer adipiscing elit.',1,8,6,'Lorem ipsum dolor sit amet, consectetuer',9,3,9,'Lorem ipsum dolor sit amet, consectetuer adipiscing elit.','NO','NO','SI','Lorem ipsum dolor sit','Lorem','Lorem ipsum dolor sit amet, consectetuer','Lorem ipsum dolor sit amet, consectetuer adipiscing','SI','NO','Lorem ipsum dolor sit amet, consectetuer','NO','Lorem ipsum dolor sit amet, consectetuer adipiscing elit. Curabitur sed','Lorem ipsum dolor sit amet, consectetuer adipiscing elit. Curabitur sed'),(1004144556,'Jack Le','Zelda Jackson','SI','SI','Lorem ipsum dolor sit amet, consectetuer adipiscing','Lorem ipsum dolor sit amet, consectetuer adipiscing',7,5,3,'Lorem',7,9,2,'Lorem ipsum dolor sit amet, consectetuer adipiscing','SI','NO','NO','Lorem ipsum dolor sit amet, consectetuer','Lorem','Lorem ipsum dolor sit amet, consectetuer adipiscing elit. Curabitur sed','Lorem ipsum dolor sit amet, consectetuer adipiscing elit.','SI','NO','Lorem ipsum dolor sit amet, consectetuer','SI','Lorem ipsum','Lorem ipsum dolor'),(1004144557,'Axel Hopkins','Kaitlin Harvey','NO','SI','Lorem ipsum dolor sit amet, consectetuer adipiscing elit.','Lorem ipsum dolor sit amet, consectetuer adipiscing elit. Curabitur sed',3,2,5,'Lorem ipsum dolor sit amet,',9,2,8,'Lorem ipsum dolor sit amet,','SI','SI','SI','Lorem ipsum dolor sit amet, consectetuer','Lorem ipsum dolor sit amet, consectetuer adipiscing elit. Curabitur','Lorem ipsum dolor sit','Lorem','NO','SI','Lorem ipsum dolor sit amet, consectetuer adipiscing','NO','Lorem ipsum dolor sit amet,','Lorem ipsum'),(1004144558,'Cedric Ellis','Yeo Morales','NO','SI','Lorem ipsum dolor sit amet,','Lorem ipsum dolor sit amet, consectetuer adipiscing',2,7,2,'Lorem ipsum dolor sit amet, consectetuer adipiscing elit.',7,2,4,'Lorem ipsum dolor sit amet, consectetuer adipiscing elit.','SI','SI','NO','Lorem ipsum dolor sit amet, consectetuer adipiscing elit.','Lorem ipsum dolor sit amet, consectetuer adipiscing','Lorem ipsum dolor sit amet, consectetuer adipiscing elit. Curabitur sed','Lorem ipsum dolor','SI','SI','Lorem ipsum dolor sit amet,','NO','Lorem ipsum dolor sit amet, consectetuer adipiscing elit. Curabitur sed','Lorem'),(1004144559,'Russell Lamb','Imogene Jenkins','NO','SI','Lorem ipsum dolor sit','Lorem ipsum dolor',4,8,10,'Lorem ipsum dolor sit amet, consectetuer adipiscing elit.',1,1,6,'Lorem ipsum dolor sit','SI','NO','SI','Lorem ipsum dolor sit amet, consectetuer','Lorem','Lorem ipsum dolor','Lorem ipsum dolor sit amet, consectetuer','NO','NO','Lorem ipsum dolor sit amet, consectetuer adipiscing elit. Curabitur sed','NO','Lorem ipsum dolor sit amet, consectetuer adipiscing elit.','Lorem ipsum dolor sit');
--SELECT * FROM DETALLE_CONSULTA
--SELECT * FROM HISTORIAS
--SELECT * FROM CABECERA_CONSULTA
--SELECT * FROM AREA_TRABAJO
--SELECT * FROM PERSONA
--SELECT * FROM EMPLEADO
