--INSERT INTO AREA_TRABAJO([NOMBRE_AREA],[GERENCIA_AREA],[DESCRIPCION_AREA],[ESTADO_AREA]) VALUES('Nunc Sed Associates','Ut Odio Vel Limited','Lorem ipsum dolor','INACTIVO'),('Tincidunt Tempus Risus Company','Suspendisse Tristique PC','Lorem ipsum dolor sit amet, consectetuer adipiscing elit. Curabitur sed','INACTIVO'),('Vitae Aliquet Corp.','Magna Foundation','Lorem ipsum','ACTIVO'),('Sed Pede Cum Corp.','Eu Foundation','Lorem ipsum dolor sit amet, consectetuer adipiscing','ACTIVO'),('Dignissim Pharetra Nam Industries','Tempor Est Ac Ltd','Lorem ipsum dolor sit amet, consectetuer adipiscing elit. Curabitur sed','INACTIVO'),('Semper Egestas Corp.','Egestas A Dui Ltd','Lorem ipsum dolor sit amet, consectetuer','INACTIVO'),('Feugiat Institute','Magna PC','Lorem','ACTIVO'),('Vel Consulting','Fusce Mi Lorem Company','Lorem ipsum dolor sit amet,','ACTIVO'),('Egestas Institute','Dignissim Pharetra Corporation','Lorem ipsum dolor sit','INACTIVO'),('Convallis LLP','Condimentum Donec LLC','Lorem ipsum','ACTIVO');
--SELECT * FROM AREA_TRABAJO
--INSERT INTO PERSONA([CEDULA_EMP],[NOMBRES_EMP],[NACIFECHA_EMP],[NACIONALIDAD_EMP],[DIRECCIO_EMP],[TELEFONO_EMP],[EMAIL_EMP],[ESTADO_EMP],[TIPO_EMP],[ACTIVO_EMP],[CIUDADNACI_EMP]) VALUES(1004144550,'Tallulah V. Warren','31/12/1969','Philippines','P.O. Box 675, 6709 Quis St.','0968874151','Vivamus@urnajustofaucibus.net','CASADO','AB-','INACTIVO','Forchies-la-Marche'),(1004144551,'Pandora E. Garza','31/12/1969','Heard Island and Mcdonald Islands','Ap #375-6201 Porttitor St.','0900601462','In.mi@feugiatnecdiam.edu','UNION LIBRE','AB-','ACTIVO','Maltignano'),(1004144552,'Remedios C. Flowers','31/12/1969','Tokelau','Ap #621-9194 Nostra, Avenue','0927747614','augue.eu.tempor@metusAliquam.co.uk','SOLTERO','AB-','INACTIVO','Genappe'),(1004144553,'Sydnee X. Stevenson','31/12/1969','Niue','6349 At Road','0916200242','euismod.mauris.eu@dapibus.ca','DIVORCIADO','A+','INACTIVO','Raurkela'),(1004144554,'Merrill J. Meadows','31/12/1969','Denmark','Ap #712-2620 Malesuada Rd.','0974790360','et.euismod@loremvehicula.ca','VIUDO','A-','INACTIVO','Wodonga'),(1004144555,'Quemby D. Dale','31/12/1969','Zambia','637 Fusce St.','0938849556','eu.odio@semelit.edu','VIUDO','AB+','INACTIVO','Curridabat'),(1004144556,'Adrienne H. Suarez','31/12/1969','Venezuela','476-1548 Tincidunt Av.','0978009615','ullamcorper@pedeNuncsed.edu','VIUDO','O-','ACTIVO','Doñihue'),(1004144557,'Jorden C. Clemons','31/12/1969','Bangladesh','P.O. Box 221, 6977 Est, St.','0989894638','Quisque@nec.com','DIVORCIADO','A-','INACTIVO','Whakatane'),(1004144558,'Dominic V. Medina','31/12/1969','Myanmar','956-9532 Mauris Av.','0984101095','volutpat.ornare.facilisis@sit.edu','CASADO','B-','ACTIVO','Saint-Médard-en-Jalles'),(1004144559,'Zelda I. Neal','31/12/1969','Libya','4508 Facilisis Rd.','0921609532','felis.eget@et.net','CASADO','AB-','INACTIVO','Chandrapur');
--SELECT * FROM PERSONA
--INSERT INTO EMPLEADO([CEDULA_EMP],[ID_AREA],[CARGO_US],[PASWORD_US]) VALUES(1004144550,4,'VENDEDOR','Suspendisse'),(1004144551,9,'ADMINISTRADOR','Duis'),(1004144552,4,'BODEGERO','Fusce'),(1004144553,6,'VENDEDOR','consequat'),(1004144554,2,'BODEGERO','nunc'),(1004144555,5,'CAJERO','Curae;'),(1004144556,2,'MEDICO','sollicitudin'),(1004144557,4,'BODEGERO','molestie'),(1004144558,9,'CAJERO','dui,'),(1004144559,7,'MEDICO','metus');
--SELECT * FROM EMPLEADO
--INSERT INTO CABECERA_CONSULTA([CEDULA_EMP],[INDICACIONES_CON],[MOTIVO_CON],[PRESION_CON],[FECHA_CON],[PESO_CON],[TEMPERATURA_CON],[SINTOMAS_CON],[OBSERVACIONES_CON]) VALUES(1004144550,'Lorem ipsum','Lorem ipsum dolor sit amet,',42,'09/01/2004',64,38,'Lorem ipsum dolor sit amet, consectetuer adipiscing elit. Curabitur sed tortor. Integer aliquam adipiscing lacus. Ut nec urna et arcu','Lorem ipsum dolor sit amet, consectetuer adipiscing'),(1004144551,'Lorem ipsum','Lorem ipsum dolor sit amet, consectetuer adipiscing elit. Curabitur sed tortor. Integer aliquam adipiscing lacus. Ut nec urna et',77,'11/03/2006',100,38,'Lorem ipsum dolor sit amet, consectetuer adipiscing elit. Curabitur sed tortor. Integer aliquam adipiscing lacus. Ut nec urna et arcu imperdiet ullamcorper. Duis at lacus. Quisque purus','Lorem ipsum dolor sit amet, consectetuer adipiscing elit. Curabitur sed tortor. Integer aliquam'),(1004144552,'Lorem ipsum dolor sit amet, consectetuer adipiscing elit. Curabitur sed tortor. Integer aliquam adipiscing lacus. Ut nec','Lorem ipsum dolor sit amet, consectetuer adipiscing elit. Curabitur sed tortor. Integer',73,'02/06/2011',49,38,'Lorem ipsum dolor sit amet, consectetuer adipiscing elit. Curabitur sed tortor. Integer aliquam adipiscing lacus.','Lorem ipsum dolor'),(1004144553,'Lorem ipsum dolor','Lorem ipsum dolor sit amet, consectetuer adipiscing',160,'01/06/2007',95,39,'Lorem ipsum dolor sit amet, consectetuer adipiscing elit. Curabitur sed','Lorem ipsum dolor sit amet, consectetuer adipiscing elit. Curabitur sed tortor. Integer'),(1004144554,'Lorem ipsum dolor sit amet, consectetuer adipiscing elit. Curabitur sed tortor. Integer aliquam','Lorem ipsum dolor sit amet, consectetuer adipiscing elit. Curabitur sed tortor. Integer aliquam adipiscing lacus. Ut nec urna',57,'02/12/2005',51,40,'Lorem ipsum dolor sit amet, consectetuer adipiscing elit. Curabitur sed tortor. Integer aliquam adipiscing lacus. Ut nec urna et arcu imperdiet ullamcorper. Duis at lacus. Quisque purus','Lorem ipsum dolor sit amet, consectetuer adipiscing elit. Curabitur sed tortor. Integer aliquam adipiscing lacus.'),(1004144555,'Lorem ipsum dolor sit amet,','Lorem ipsum dolor sit amet, consectetuer adipiscing elit. Curabitur sed tortor.',172,'04/10/2006',103,37,'Lorem ipsum dolor sit amet, consectetuer adipiscing elit. Curabitur sed tortor. Integer aliquam adipiscing lacus. Ut nec urna et arcu imperdiet ullamcorper. Duis at lacus.','Lorem ipsum'),(1004144556,'Lorem ipsum dolor sit amet, consectetuer','Lorem ipsum dolor sit amet, consectetuer adipiscing elit. Curabitur sed tortor.',176,'17/03/2008',56,38,'Lorem ipsum dolor sit amet, consectetuer adipiscing elit. Curabitur sed tortor. Integer aliquam adipiscing lacus. Ut nec urna et arcu imperdiet ullamcorper. Duis at lacus. Quisque purus','Lorem ipsum dolor sit amet, consectetuer adipiscing elit.'),(1004144557,'Lorem ipsum dolor sit amet, consectetuer adipiscing elit.','Lorem ipsum dolor sit amet, consectetuer adipiscing elit. Curabitur sed tortor. Integer aliquam adipiscing',112,'17/10/2007',56,38,'Lorem ipsum','Lorem ipsum dolor sit amet, consectetuer adipiscing'),(1004144558,'Lorem ipsum dolor sit amet, consectetuer adipiscing elit. Curabitur sed','Lorem ipsum dolor sit amet, consectetuer adipiscing elit. Curabitur sed tortor. Integer aliquam adipiscing lacus. Ut nec',180,'06/06/2017',86,39,'Lorem ipsum dolor sit amet, consectetuer adipiscing elit. Curabitur sed tortor. Integer aliquam adipiscing lacus. Ut nec urna et arcu','Lorem ipsum dolor sit amet, consectetuer adipiscing elit. Curabitur sed tortor. Integer aliquam adipiscing lacus. Ut nec urna et'),(1004144559,'Lorem ipsum dolor sit amet, consectetuer','Lorem ipsum dolor sit amet, consectetuer',76,'09/04/2005',73,36,'Lorem ipsum dolor sit amet, consectetuer adipiscing elit. Curabitur sed tortor. Integer aliquam adipiscing lacus. Ut nec urna et arcu imperdiet ullamcorper. Duis at lacus. Quisque purus','Lorem ipsum dolor sit amet, consectetuer adipiscing elit. Curabitur sed tortor. Integer aliquam adipiscing lacus. Ut nec');
--SELECT * FROM CABECERA_CONSULTA
